[
    {
        "id": 1,
        "passCnt": null,
        "elapsedTime": 58333
    },
    {
        "id": 2,
        "passCnt": 20,
        "elapsedTime": 121
    },
    {
        "id": 3,
        "passCnt": 61,
        "elapsedTime": 32
    },
    {
        "id": 4,
        "passCnt": 56,
        "elapsedTime": 15
    },
    {
        "id": 5,
        "passCnt": 43,
        "elapsedTime": 2426
    },
    {
        "id": 6,
        "passCnt": 11,
        "elapsedTime": 695
    },
    {
        "id": 7,
        "passCnt": 27,
        "elapsedTime": 907
    },
    {
        "id": 8,
        "passCnt": 142,
        "elapsedTime": 2535
    },
    {
        "id": 9,
        "passCnt": 382,
        "elapsedTime": 17
    },
    {
        "id": 10,
        "passCnt": 1016,
        "elapsedTime": 41
    },
    {
        "id": 11,
        "passCnt": 500,
        "elapsedTime": 104
    },
    {
        "id": 12,
        "passCnt": 500,
        "elapsedTime": null
    },
    {
        "id": 13,
        "passCnt": 511,
        "elapsedTime": 209
    },
    {
        "id": 14,
        "passCnt": 686,
        "elapsedTime": 215
    },
    {
        "id": 15,
        "passCnt": 644,
        "elapsedTime": 180
    },
    {
        "id": 16,
        "passCnt": 184,
        "elapsedTime": 50
    },
    {
        "id": 17,
        "passCnt": 273,
        "elapsedTime": 33
    },
    {
        "id": 18,
        "passCnt": 184,
        "elapsedTime": 44
    },
    {
        "id": 19,
        "passCnt": 21,
        "elapsedTime": 8
    },
    {
        "id": 20,
        "passCnt": 8,
        "elapsedTime": 21
    },
    {
        "id": 21,
        "passCnt": 41,
        "elapsedTime": 396
    },
    {
        "id": 22,
        "passCnt": 166,
        "elapsedTime": 98
    },
    {
        "id": 23,
        "passCnt": 87,
        "elapsedTime": 20
    }
]